{
  "mean": [
    0.4811384379863739,
    0.4811384379863739,
    0.4811384379863739
  ],
  "std": [
    0.22127097845077515,
    0.22127097845077515,
    0.22127097845077515
  ]
}